{
  "dataset_size_requested": 200,
  "dataset_size_processed": 200,
  "threshold": 60,
  "deep_available": true,
  "elapsed_seconds": 1278.62988615036,
  "static_metrics": {
    "accuracy": 0.635,
    "precision": 0.6901408450704225,
    "recall": 0.49,
    "f1": 0.5730994152046783,
    "confusion_matrix": [
      [
        78,
        22
      ],
      [
        51,
        49
      ]
    ],
    "roc_auc": 0.66
  },
  "deep_metrics": {
    "accuracy": 0.965,
    "precision": 0.979381443298969,
    "recall": 0.95,
    "f1": 0.9644670050761421,
    "confusion_matrix": [
      [
        98,
        2
      ],
      [
        5,
        95
      ]
    ],
    "roc_auc": 0.98005
  },
  "error_summary": []
}